<?xml version="1.0" encoding="UTF-8"?>
<beans xmlns="http://www.springframework.org/schema/beans"
    xmlns:xsi="http://www.w3.org/2001/XMLSchema-instance" 
    xmlns:context="http://www.springframework.org/schema/context"
    xsi:schemaLocation="http://www.springframework.org/schema/beans
    http://www.springframework.org/schema/beans/spring-beans.xsd
    http://www.springframework.org/schema/context
    http://www.springframework.org/schema/context/spring-context.xsd">

	<!-- Load the property files -->

	<context:property-placeholder location="classpath:literalrepo.properties"/>
	<!-- Add Configuration  -->
	
	<!-- Fortune service beans -->
	<!-- 
		<bean id="fservice" class="com.wf.training.spring.service.support.PersonalFortune"></bean>
	 -->
	 <bean id="fservice" class="com.wf.training.spring.service.support.ProfessionalFortune"></bean>
	
	<!-- Bean Config -->
	<!-- What bean to create : How to expose bean -->
	<!--  
	<bean id="mservice" class="com.wf.training.spring.service.EmailService"></bean>
	<bean id="mservice" class="com.wf.training.spring.service.SmsService"></bean>
	-->
	
	<!-- Injecting Dependency through constructor -->
	<!-- 
	<bean id="mservice" class="com.wf.training.spring.service.EmailService">
		<constructor-arg ref="fservice"/>
		
	</bean>
	 -->
	 <!-- Setter based DI -->
	 <!-- Register the lifecycle hook methods -->
	 <bean id="mservice" 
	 	   class="com.wf.training.spring.service.EmailService"
	 	   scope="singleton"
	 	   init-method="myInit"
	 	   destroy-method="myCleanUp"
	 	   >
	 	<!--  setFortuneService() -->
		<property name="fortuneService" ref="fservice" />
		<!-- 
		Injecting literal value
		<property name="sender" value="admin@mail.com" /> 
		-->
		<property name="sender" value="${msg.email.sender}" />
	</bean>
	
	<bean id="proservice" 
	 	   class="com.wf.training.spring.service.EmailService"
	 	   scope="singleton"
	 	   init-method="myInit"
	 	   destroy-method="myCleanUp"
	 	   >
	 	<!--  setFortuneService() -->
		<property name="fortuneService" ref="fservice" />
		<!-- 
		Injecting literal value
		<property name="sender" value="admin@mail.com" /> 
		-->
		<property name="sender" value="${msg.email.sender}" />
	</bean>
	
	
	
</beans>

















